PassengerId,Survived,ScaledClass,ScaledSex,AgeRecorded,ScaledFare,ScaledParch,ScaledSibSp,ScaledCabin,ScaledNumberOfCabins,ScaledEmbarked
1,0,0.0,0.0,1.0,0.014151057562208049,0.0,0.125,0.25,0.25,0.3
2,1,1.0,1.0,1.0,0.13913573538264068,0.0,0.125,0.75,0.25,0.4
3,1,0.0,1.0,1.0,0.015468569817999833,0.0,0.0,0.25,0.25,0.3
4,1,1.0,1.0,1.0,0.10364429745562033,0.0,0.125,0.75,0.25,0.3
5,0,0.0,0.0,1.0,0.015712553569072387,0.0,0.0,0.25,0.25,0.3
6,0,0.0,0.0,0.0,0.01650950209357577,0.0,0.0,0.25,0.25,1.0
7,0,1.0,0.0,1.0,0.10122885832000206,0.0,0.0,0.5,0.25,0.3
8,0,0.0,0.0,1.0,0.04113566043083236,0.16666666666666666,0.375,0.25,0.25,0.3
9,1,0.0,1.0,1.0,0.021730754366528396,0.3333333333333333,0.0,0.25,0.25,0.3
10,1,0.5,1.0,1.0,0.058694292654020104,0.0,0.125,0.5,0.25,0.4
11,1,0.0,1.0,1.0,0.03259622914329302,0.16666666666666666,0.125,0.25,0.25,0.3
12,1,1.0,1.0,1.0,0.051822148727810165,0.0,0.0,0.75,0.25,0.3
13,0,0.0,0.0,1.0,0.015712553569072387,0.0,0.0,0.25,0.25,0.3
14,0,0.0,0.0,1.0,0.06104473451835265,0.8333333333333334,0.125,0.25,0.25,0.3
15,0,0.0,1.0,1.0,0.015330377421392339,0.0,0.0,0.25,0.25,0.3
16,1,0.5,1.0,1.0,0.03122992013728673,0.0,0.0,0.5,0.25,0.3
17,0,0.0,0.0,1.0,0.056848213999904744,0.16666666666666666,0.5,0.25,0.25,1.0
18,1,0.5,0.0,0.0,0.025374310111545468,0.0,0.0,0.5,0.25,0.3
19,0,0.0,1.0,1.0,0.03513366015444757,0.0,0.125,0.25,0.25,0.3
20,1,0.0,1.0,0.0,0.014102260811993537,0.0,0.0,0.25,0.25,0.4
21,0,0.5,0.0,1.0,0.050748620223090936,0.0,0.0,0.5,0.25,0.3
22,1,0.5,0.0,1.0,0.025374310111545468,0.0,0.0,0.625,0.25,0.3
23,1,0.0,1.0,1.0,0.015671954672893913,0.0,0.0,0.25,0.25,1.0
24,1,1.0,0.0,1.0,0.06929138530460492,0.0,0.0,1.0,0.25,0.3
25,0,0.0,1.0,1.0,0.04113566043083236,0.16666666666666666,0.375,0.25,0.25,0.3
26,1,0.0,1.0,1.0,0.061264319894317944,0.8333333333333334,0.125,0.25,0.25,0.3
27,0,0.0,0.0,0.0,0.014102260811993537,0.0,0.0,0.25,0.25,0.4
28,0,1.0,0.0,1.0,0.5133418122566505,0.3333333333333333,0.375,0.75,0.75,0.3
29,1,0.0,1.0,0.0,0.01537917417160685,0.0,0.0,0.25,0.25,1.0
30,0,0.0,0.0,0.0,0.015411575213749284,0.0,0.0,0.25,0.25,0.3
31,0,1.0,0.0,1.0,0.05410739813385612,0.0,0.0,0.875,0.25,0.4
32,1,1.0,1.0,0.0,0.2859895551532101,0.0,0.125,0.875,0.25,0.4
33,1,0.0,1.0,0.0,0.015126992566498259,0.0,0.0,0.25,0.25,1.0
34,0,0.5,0.0,1.0,0.020494635090094415,0.0,0.0,0.5,0.25,0.3
35,0,1.0,0.0,1.0,0.16038672010106,0.0,0.125,0.875,0.25,0.4
36,0,1.0,0.0,1.0,0.10149724044618187,0.0,0.125,0.875,0.25,0.3
37,1,0.0,0.0,0.0,0.014110458666029575,0.0,0.0,0.25,0.25,0.4
38,0,0.0,0.0,1.0,0.015712553569072387,0.0,0.0,0.25,0.25,0.3
39,0,0.0,1.0,1.0,0.03513366015444757,0.0,0.25,0.25,0.25,0.3
40,1,0.0,1.0,1.0,0.021942337075458514,0.0,0.125,0.25,0.25,0.4
41,0,0.0,1.0,1.0,0.018493968331299484,0.0,0.125,0.25,0.25,0.3
42,0,0.5,1.0,1.0,0.04098927018018883,0.0,0.125,0.5,0.25,0.3
43,0,0.0,0.0,0.0,0.015411575213749284,0.0,0.0,0.25,0.25,0.4
44,1,0.5,1.0,1.0,0.08115719346076702,0.3333333333333333,0.125,0.5,0.25,0.4
45,1,0.0,1.0,1.0,0.01537917417160685,0.0,0.0,0.25,0.25,1.0
46,0,0.0,0.0,0.0,0.015712553569072387,0.0,0.0,0.25,0.25,0.3
47,0,0.0,0.0,0.0,0.030253985132996517,0.0,0.125,0.25,0.25,1.0
48,1,0.0,1.0,0.0,0.015126992566498259,0.0,0.0,0.25,0.25,1.0
49,0,0.0,0.0,0.0,0.04231498029001666,0.0,0.25,0.25,0.25,0.4
50,0,0.0,1.0,1.0,0.034743286152731485,0.0,0.125,0.25,0.25,0.3
51,0,0.0,0.0,1.0,0.07746484096553544,0.16666666666666666,0.5,0.25,0.25,0.3
52,0,0.0,0.0,1.0,0.01522458606692728,0.0,0.0,0.25,0.25,0.3
53,1,1.0,1.0,1.0,0.1497654242623688,0.0,0.125,0.625,0.25,0.4
54,1,0.5,1.0,1.0,0.050748620223090936,0.0,0.125,0.5,0.25,0.3
55,0,1.0,0.0,1.0,0.1209753416358076,0.16666666666666666,0.0,0.875,0.25,0.4
56,1,1.0,0.0,0.0,0.06929138530460492,0.0,0.0,0.75,0.25,0.3
57,1,0.5,1.0,1.0,0.020494635090094415,0.0,0.0,0.5,0.25,0.3
58,0,0.0,0.0,1.0,0.014110458666029575,0.0,0.0,0.25,0.25,0.4
59,1,0.5,1.0,1.0,0.05416439273810667,0.3333333333333333,0.125,0.5,0.25,0.3
60,0,0.0,0.0,1.0,0.09154270340242172,0.3333333333333333,0.625,0.25,0.25,0.3
61,0,0.0,0.0,1.0,0.014110458666029575,0.0,0.0,0.25,0.25,0.4
62,1,1.0,1.0,1.0,0.15614960068643363,0.0,0.0,0.875,0.25,0.3
63,0,1.0,0.0,1.0,0.16293234896625058,0.0,0.125,0.75,0.25,0.3
64,0,0.0,0.0,1.0,0.05445717323939373,0.3333333333333333,0.375,0.25,0.25,0.3
65,0,1.0,0.0,0.0,0.05410739813385612,0.0,0.0,0.875,0.25,0.4
66,1,0.0,0.0,0.0,0.029757819776815374,0.16666666666666666,0.125,0.25,0.25,0.4
67,1,0.5,1.0,1.0,0.020494635090094415,0.0,0.0,0.375,0.25,0.3
68,0,0.0,0.0,1.0,0.015923941091001644,0.0,0.0,0.25,0.25,0.3
69,1,0.0,1.0,1.0,0.015468569817999833,0.3333333333333333,0.5,0.25,0.25,0.3
70,0,0.0,0.0,1.0,0.016908073949327893,0.0,0.25,0.25,0.25,0.3
71,0,0.5,0.0,1.0,0.020494635090094415,0.0,0.0,0.5,0.25,0.3
72,0,0.0,1.0,1.0,0.09154270340242172,0.3333333333333333,0.625,0.25,0.25,0.3
73,0,0.5,0.0,1.0,0.1434624456306609,0.0,0.0,0.5,0.25,0.3
74,0,0.0,0.0,1.0,0.028212719478023115,0.0,0.125,0.25,0.25,0.4
75,1,0.0,0.0,1.0,0.11027245763075773,0.0,0.0,0.25,0.25,0.3
76,0,0.0,0.0,1.0,0.014931805565640218,0.0,0.0,0.25,0.5,0.3
77,0,0.0,0.0,0.0,0.015411575213749284,0.0,0.0,0.25,0.25,0.3
78,0,0.0,0.0,0.0,0.015712553569072387,0.0,0.0,0.25,0.25,0.3
79,1,0.5,0.0,1.0,0.056604230248832196,0.3333333333333333,0.0,0.5,0.25,0.3
80,1,0.0,1.0,1.0,0.024349578357040744,0.0,0.0,0.25,0.25,0.3
81,0,0.0,0.0,1.0,0.017566830077223785,0.0,0.0,0.25,0.25,0.3
82,1,0.0,0.0,1.0,0.018542765081513996,0.0,0.0,0.25,0.25,0.3
83,1,0.0,1.0,0.0,0.015200187691820024,0.0,0.0,0.25,0.25,1.0
84,0,1.0,0.0,1.0,0.09193307740413781,0.0,0.0,0.875,0.25,0.3
85,1,0.5,1.0,1.0,0.020494635090094415,0.0,0.0,0.5,0.25,0.3
86,1,0.0,1.0,1.0,0.030937139635999665,0.0,0.375,0.25,0.25,0.3
87,0,0.0,0.0,1.0,0.06709553154495196,0.5,0.125,0.25,0.25,0.3
88,0,0.0,0.0,0.0,0.015712553569072387,0.0,0.0,0.25,0.25,0.3
89,1,1.0,1.0,1.0,0.5133418122566505,0.3333333333333333,0.375,0.75,0.75,0.3
90,0,0.0,0.0,1.0,0.015712553569072387,0.0,0.0,0.25,0.25,0.3
91,0,0.0,0.0,1.0,0.015712553569072387,0.0,0.0,0.25,0.25,0.3
92,0,0.0,0.0,1.0,0.015330377421392339,0.0,0.0,0.25,0.25,0.3
93,0,1.0,0.0,1.0,0.11940564777490723,0.0,0.125,0.5,0.25,0.3
94,0,0.0,0.0,1.0,0.04015972542654215,0.3333333333333333,0.125,0.25,0.25,0.3
95,0,0.0,0.0,1.0,0.014151057562208049,0.0,0.0,0.25,0.25,0.3
96,0,0.0,0.0,0.0,0.015712553569072387,0.0,0.0,0.25,0.25,0.3
97,0,1.0,0.0,1.0,0.06764049365134761,0.0,0.0,1.0,0.25,0.4
98,1,1.0,0.0,1.0,0.12366716556464086,0.16666666666666666,0.0,0.625,0.5,0.4
99,1,0.5,1.0,1.0,0.04489301019734967,0.16666666666666666,0.0,0.5,0.25,0.3
100,0,0.5,0.0,1.0,0.050748620223090936,0.0,0.125,0.5,0.25,0.3
101,0,0.0,1.0,1.0,0.015411575213749284,0.0,0.0,0.25,0.25,0.3
102,0,0.0,0.0,0.0,0.015411575213749284,0.0,0.0,0.25,0.25,0.3
103,0,1.0,0.0,1.0,0.15085515328815924,0.16666666666666666,0.0,0.625,0.25,0.3
104,0,0.0,0.0,1.0,0.016891873428256675,0.0,0.0,0.25,0.25,0.3
105,0,0.0,0.0,1.0,0.015468569817999833,0.0,0.25,0.25,0.25,0.3
106,0,0.0,0.0,1.0,0.015411575213749284,0.0,0.0,0.25,0.25,0.3
107,1,0.0,1.0,1.0,0.014931805565640218,0.0,0.0,0.25,0.25,0.3
108,1,0.0,0.0,0.0,0.015175789316712771,0.0,0.0,0.25,0.25,0.3
109,0,0.0,0.0,1.0,0.015411575213749284,0.0,0.0,0.25,0.25,0.3
110,1,0.0,1.0,0.0,0.04713766070721715,0.0,0.125,0.25,0.25,1.0
111,0,1.0,0.0,1.0,0.10149724044618187,0.0,0.0,0.75,0.25,0.3
112,0,0.0,1.0,1.0,0.028212719478023115,0.0,0.125,0.25,0.25,0.4
113,0,0.0,0.0,1.0,0.015712553569072387,0.0,0.0,0.25,0.25,0.3
114,0,0.0,1.0,1.0,0.019177122834302632,0.0,0.125,0.25,0.25,0.3
115,0,0.0,1.0,1.0,0.028220722145058292,0.0,0.0,0.25,0.25,0.4
116,0,0.0,0.0,1.0,0.015468569817999833,0.0,0.0,0.25,0.25,0.3
117,0,0.0,0.0,1.0,0.015126992566498259,0.0,0.0,0.25,0.25,1.0
118,0,0.5,0.0,1.0,0.04098927018018883,0.0,0.125,0.5,0.25,0.3
119,0,1.0,0.0,1.0,0.4831284260198326,0.16666666666666666,0.0,0.875,0.5,0.4
120,0,0.0,1.0,1.0,0.06104473451835265,0.3333333333333333,0.5,0.25,0.25,0.3
121,0,0.5,0.0,1.0,0.1434624456306609,0.0,0.25,0.5,0.25,0.3
122,0,0.0,0.0,0.0,0.015712553569072387,0.0,0.0,0.25,0.25,0.3
123,0,0.5,0.0,1.0,0.058694292654020104,0.0,0.125,0.5,0.25,0.4
124,1,0.5,1.0,1.0,0.025374310111545468,0.0,0.0,0.5,0.25,0.3
125,0,1.0,0.0,1.0,0.15085515328815924,0.16666666666666666,0.0,0.625,0.25,0.3
126,1,0.0,0.0,1.0,0.021942337075458514,0.0,0.125,0.25,0.25,0.4
127,0,0.0,0.0,0.0,0.015126992566498259,0.0,0.0,0.25,0.25,1.0
128,1,0.0,0.0,1.0,0.01393967004027879,0.0,0.0,0.25,0.25,0.3
129,1,0.0,1.0,0.0,0.04364049521284361,0.16666666666666666,0.125,0.375,0.5,0.4
130,0,0.0,0.0,1.0,0.013614293309848433,0.0,0.0,0.25,0.25,0.3
131,0,0.0,0.0,1.0,0.015411575213749284,0.0,0.0,0.25,0.25,0.4
132,0,0.0,0.0,1.0,0.013760683560491965,0.0,0.0,0.25,0.25,0.3
133,0,0.0,1.0,1.0,0.028302115124416098,0.0,0.125,0.25,0.25,0.3
134,1,0.5,1.0,1.0,0.050748620223090936,0.0,0.125,0.5,0.25,0.3
135,0,0.5,0.0,1.0,0.025374310111545468,0.0,0.0,0.5,0.25,0.3
136,0,0.5,0.0,1.0,0.02936744577509929,0.0,0.0,0.5,0.25,0.4
137,1,1.0,1.0,1.0,0.051301584996521765,0.3333333333333333,0.0,0.625,0.25,0.3
138,0,1.0,0.0,1.0,0.10364429745562033,0.0,0.125,0.75,0.25,0.3
139,0,0.0,0.0,1.0,0.01798980030808316,0.0,0.0,0.25,0.25,0.3
140,0,1.0,0.0,1.0,0.15458810467956932,0.0,0.0,0.875,0.25,0.4
141,0,0.0,1.0,0.0,0.029757819776815374,0.3333333333333333,0.0,0.25,0.25,0.4
142,1,0.0,1.0,1.0,0.015126992566498259,0.0,0.0,0.25,0.25,0.3
143,1,0.0,1.0,1.0,0.030937139635999665,0.0,0.125,0.25,0.25,0.3
144,0,0.0,0.0,1.0,0.013175122557917838,0.0,0.0,0.25,0.25,1.0
145,0,0.5,0.0,1.0,0.022446505098674834,0.0,0.0,0.5,0.25,0.3
146,0,0.5,0.0,1.0,0.07173122281533045,0.16666666666666666,0.125,0.5,0.25,0.3
147,1,0.0,0.0,1.0,0.015216388212891242,0.0,0.0,0.25,0.25,0.3
148,0,0.0,1.0,1.0,0.06709553154495196,0.3333333333333333,0.25,0.25,0.25,0.3
149,0,0.5,0.0,1.0,0.050748620223090936,0.3333333333333333,0.0,0.375,0.25,0.3
150,0,0.5,0.0,1.0,0.025374310111545468,0.0,0.0,0.5,0.25,0.3
151,0,0.5,0.0,1.0,0.02444717185746977,0.0,0.0,0.5,0.25,0.3
152,1,1.0,1.0,1.0,0.12999454257145598,0.0,0.125,0.75,0.25,0.3
153,0,0.0,0.0,1.0,0.015712553569072387,0.0,0.0,0.25,0.25,0.3
154,0,0.0,0.0,1.0,0.028302115124416098,0.3333333333333333,0.0,0.25,0.25,0.3
155,0,0.0,0.0,0.0,0.014273049437744325,0.0,0.0,0.25,0.25,0.3
156,0,1.0,0.0,1.0,0.11980421963065935,0.16666666666666666,0.0,0.875,0.25,0.4
157,1,0.0,1.0,1.0,0.015094396337354966,0.0,0.0,0.25,0.25,1.0
158,0,0.0,0.0,1.0,0.015712553569072387,0.0,0.0,0.25,0.25,0.3
159,0,0.0,0.0,0.0,0.016908073949327893,0.0,0.0,0.25,0.25,0.3
160,0,0.0,0.0,0.0,0.13575255909676823,0.3333333333333333,1.0,0.25,0.25,0.3
161,0,0.0,0.0,1.0,0.031425107138144774,0.16666666666666666,0.0,0.25,0.25,0.3
162,1,0.5,1.0,1.0,0.030741952635141623,0.0,0.0,0.5,0.25,0.3
163,0,0.0,0.0,1.0,0.015175789316712771,0.0,0.0,0.25,0.25,0.3
164,0,0.0,0.0,1.0,0.016908073949327893,0.0,0.0,0.25,0.25,0.3
165,0,0.0,0.0,1.0,0.07746484096553544,0.16666666666666666,0.5,0.25,0.25,0.3
166,1,0.0,0.0,1.0,0.04006213192611313,0.3333333333333333,0.0,0.25,0.25,0.3
167,1,1.0,1.0,0.0,0.10735285047192313,0.16666666666666666,0.0,0.5,0.25,0.3
168,0,0.0,1.0,1.0,0.05445717323939373,0.6666666666666666,0.125,0.25,0.25,0.3
169,0,1.0,0.0,0.0,0.050602229972447406,0.0,0.0,0.875,0.25,0.3
170,0,0.0,0.0,1.0,0.11027245763075773,0.0,0.0,0.25,0.25,0.3
171,0,1.0,0.0,1.0,0.06538764528744409,0.0,0.0,0.875,0.25,0.3
172,0,0.0,0.0,1.0,0.056848213999904744,0.16666666666666666,0.5,0.25,0.25,1.0
173,1,0.0,1.0,1.0,0.021730754366528396,0.16666666666666666,0.125,0.25,0.25,0.3
174,0,0.0,0.0,1.0,0.015468569817999833,0.0,0.0,0.25,0.25,0.3
175,0,1.0,0.0,1.0,0.05991421140938287,0.0,0.0,1.0,0.25,0.4
176,0,0.0,0.0,1.0,0.015330377421392339,0.16666666666666666,0.125,0.25,0.25,0.3
177,0,0.0,0.0,0.0,0.04970768794751499,0.16666666666666666,0.375,0.25,0.25,0.3
178,0,1.0,1.0,1.0,0.05604306762136532,0.0,0.0,0.75,0.25,0.4
179,0,0.5,0.0,1.0,0.025374310111545468,0.0,0.0,0.5,0.25,0.3
180,0,0.0,0.0,1.0,0.0,0.0,0.0,0.25,0.25,0.3
181,0,0.0,1.0,0.0,0.13575255909676823,0.3333333333333333,1.0,0.25,0.25,0.3
182,0,0.5,0.0,0.0,0.02937564362913533,0.0,0.0,0.5,0.25,0.4
183,0,0.0,0.0,1.0,0.061264319894317944,0.3333333333333333,0.5,0.25,0.25,0.3
184,1,0.5,0.0,1.0,0.0761229303346364,0.16666666666666666,0.25,0.375,0.25,0.3
185,1,0.0,1.0,1.0,0.04298993693898376,0.3333333333333333,0.0,0.25,0.25,0.3
186,0,1.0,0.0,0.0,0.09759350042902103,0.0,0.0,1.0,0.25,0.3
187,1,0.0,1.0,0.0,0.030253985132996517,0.0,0.125,0.25,0.25,1.0
188,1,1.0,0.0,1.0,0.051822148727810165,0.0,0.0,0.875,0.25,0.3
189,0,0.0,0.0,1.0,0.030253985132996517,0.16666666666666666,0.125,0.25,0.25,1.0
190,0,0.0,0.0,1.0,0.015411575213749284,0.0,0.0,0.25,0.25,0.3
191,1,0.5,1.0,1.0,0.025374310111545468,0.0,0.0,0.5,0.25,0.3
192,0,0.5,0.0,1.0,0.025374310111545468,0.0,0.0,0.5,0.25,0.3
193,1,0.0,1.0,1.0,0.015330377421392339,0.0,0.125,0.25,0.25,0.3
194,1,0.5,0.0,1.0,0.050748620223090936,0.16666666666666666,0.125,0.375,0.25,0.3
195,1,1.0,1.0,1.0,0.05410739813385612,0.0,0.0,0.875,0.25,0.4
196,1,1.0,1.0,1.0,0.2859895551532101,0.0,0.0,0.875,0.25,0.4
197,0,0.0,0.0,0.0,0.015126992566498259,0.0,0.0,0.25,0.25,1.0
198,0,0.0,0.0,1.0,0.01640390592611157,0.16666666666666666,0.0,0.25,0.25,0.3
199,1,0.0,1.0,0.0,0.015126992566498259,0.0,0.0,0.25,0.25,1.0
200,0,0.5,1.0,1.0,0.025374310111545468,0.0,0.0,0.5,0.25,0.3
201,0,0.0,0.0,1.0,0.018542765081513996,0.0,0.0,0.25,0.25,0.3
202,0,0.0,0.0,0.0,0.13575255909676823,0.3333333333333333,1.0,0.25,0.25,0.3
203,0,0.0,0.0,1.0,0.012678957201736696,0.0,0.0,0.25,0.25,0.3
204,0,0.0,0.0,1.0,0.014102260811993537,0.0,0.0,0.25,0.25,0.4
205,1,0.0,0.0,1.0,0.015712553569072387,0.0,0.0,0.25,0.25,0.3
206,0,0.0,1.0,1.0,0.02042143996477265,0.16666666666666666,0.0,0.25,0.25,0.3
207,0,0.0,0.0,1.0,0.030937139635999665,0.0,0.125,0.25,0.25,0.3
208,1,0.0,0.0,1.0,0.036670757786204655,0.0,0.0,0.25,0.25,0.4
209,1,0.0,1.0,1.0,0.015126992566498259,0.0,0.0,0.25,0.25,1.0
210,1,1.0,0.0,1.0,0.060507970265993034,0.0,0.0,1.0,0.25,0.4
211,0,0.0,0.0,1.0,0.013760683560491965,0.0,0.0,0.25,0.25,0.3
212,1,0.5,1.0,1.0,0.04098927018018883,0.0,0.0,0.5,0.25,0.3
213,0,0.0,0.0,1.0,0.014151057562208049,0.0,0.0,0.25,0.25,0.3
214,0,0.5,0.0,1.0,0.025374310111545468,0.0,0.0,0.5,0.25,0.3
215,0,0.0,0.0,0.0,0.015126992566498259,0.0,0.125,0.25,0.25,1.0
216,1,1.0,1.0,1.0,0.22109807522194713,0.0,0.125,0.625,0.25,0.4
217,1,0.0,1.0,1.0,0.015468569817999833,0.0,0.0,0.25,0.25,0.3
218,0,0.5,0.0,1.0,0.05270049023167135,0.0,0.125,0.5,0.25,0.3
219,1,1.0,1.0,1.0,0.14891148113361488,0.0,0.0,0.625,0.25,0.4
220,0,0.5,0.0,1.0,0.020494635090094415,0.0,0.0,0.5,0.25,0.3
221,1,0.0,0.0,1.0,0.015712553569072387,0.0,0.0,0.25,0.25,0.3
222,0,0.5,0.0,1.0,0.025374310111545468,0.0,0.0,0.5,0.25,0.3
223,0,0.0,0.0,1.0,0.015712553569072387,0.0,0.0,0.25,0.25,0.3
224,0,0.0,0.0,0.0,0.015411575213749284,0.0,0.0,0.25,0.25,0.3
225,1,1.0,0.0,1.0,0.17566830077223786,0.0,0.125,0.75,0.25,0.3
226,0,0.0,0.0,1.0,0.01824998458022693,0.0,0.0,0.25,0.25,0.3
227,1,0.5,0.0,1.0,0.020494635090094415,0.0,0.0,0.5,0.25,0.3
228,0,0.0,0.0,1.0,0.014151057562208049,0.0,0.0,0.25,0.25,0.3
229,0,0.5,0.0,1.0,0.025374310111545468,0.0,0.0,0.5,0.25,0.3
230,0,0.0,1.0,0.0,0.04970768794751499,0.16666666666666666,0.375,0.25,0.25,0.3
231,1,1.0,1.0,1.0,0.16293234896625058,0.0,0.125,0.75,0.25,0.3
232,0,0.0,0.0,1.0,0.015175789316712771,0.0,0.0,0.25,0.25,0.3
233,0,0.5,0.0,1.0,0.026350245115835676,0.0,0.0,0.5,0.25,0.3
234,1,0.0,1.0,1.0,0.061264319894317944,0.3333333333333333,0.5,0.25,0.25,0.3
235,0,0.5,0.0,1.0,0.020494635090094415,0.0,0.0,0.5,0.25,0.3
236,0,0.0,1.0,0.0,0.014736618564782174,0.0,0.0,0.25,0.25,0.3
237,0,0.5,0.0,1.0,0.050748620223090936,0.0,0.125,0.5,0.25,0.3
238,1,0.5,1.0,1.0,0.05123658772523604,0.3333333333333333,0.0,0.5,0.25,0.3
239,0,0.5,0.0,1.0,0.020494635090094415,0.0,0.0,0.5,0.25,0.3
240,0,0.5,0.0,1.0,0.023959204355324663,0.0,0.0,0.5,0.25,0.3
241,0,0.0,1.0,0.0,0.028212719478023115,0.0,0.125,0.25,0.25,0.4
242,1,0.0,1.0,0.0,0.030253985132996517,0.0,0.125,0.25,0.25,1.0
243,0,0.5,0.0,1.0,0.020494635090094415,0.0,0.0,0.5,0.25,0.3
244,0,0.0,0.0,1.0,0.013907073811135496,0.0,0.0,0.25,0.25,0.3
245,0,0.0,0.0,1.0,0.014102260811993537,0.0,0.0,0.25,0.25,0.4
246,0,1.0,0.0,1.0,0.17566830077223786,0.0,0.25,0.75,0.25,1.0
247,0,0.0,1.0,1.0,0.015175789316712771,0.0,0.0,0.25,0.25,0.3
248,1,0.5,1.0,1.0,0.028302115124416098,0.3333333333333333,0.0,0.5,0.25,0.3
249,1,1.0,0.0,1.0,0.10257896680493714,0.16666666666666666,0.125,0.625,0.25,0.3
250,0,0.5,0.0,1.0,0.050748620223090936,0.0,0.125,0.5,0.25,0.3
251,0,0.0,0.0,0.0,0.014151057562208049,0.0,0.0,0.25,0.25,0.3
252,0,0.0,1.0,1.0,0.02042143996477265,0.16666666666666666,0.125,0.25,0.25,0.3
253,0,1.0,0.0,1.0,0.051822148727810165,0.0,0.0,0.75,0.25,0.3
254,0,0.0,0.0,1.0,0.031425107138144774,0.0,0.125,0.25,0.25,0.3
255,0,0.0,1.0,1.0,0.039452172548431745,0.3333333333333333,0.0,0.25,0.25,0.3
256,1,0.0,1.0,1.0,0.029757819776815374,0.3333333333333333,0.0,0.25,0.25,0.4
257,1,1.0,1.0,0.0,0.15458810467956932,0.0,0.0,0.875,0.25,0.4
258,1,1.0,1.0,1.0,0.16883675574220638,0.0,0.0,0.875,0.25,0.3
259,1,1.0,1.0,1.0,1.0,0.0,0.0,0.875,0.25,0.4
260,1,0.5,1.0,1.0,0.050748620223090936,0.16666666666666666,0.0,0.5,0.25,0.3
261,0,0.0,0.0,0.0,0.015126992566498259,0.0,0.0,0.25,0.25,1.0
262,1,0.0,0.0,1.0,0.061264319894317944,0.3333333333333333,0.5,0.25,0.25,0.3
263,0,1.0,0.0,1.0,0.1554664461834305,0.16666666666666666,0.125,0.5,0.25,0.3
264,0,1.0,0.0,1.0,0.0,0.0,0.0,0.875,0.25,0.3
265,0,0.0,1.0,0.0,0.015126992566498259,0.0,0.0,0.25,0.25,1.0
266,0,0.5,0.0,1.0,0.020494635090094415,0.0,0.0,0.5,0.25,0.3
267,0,0.0,0.0,1.0,0.07746484096553544,0.16666666666666666,0.5,0.25,0.25,0.3
268,1,0.0,0.0,1.0,0.015175789316712771,0.0,0.125,0.25,0.25,0.3
269,1,1.0,1.0,1.0,0.2995388511917728,0.16666666666666666,0.0,0.75,0.25,0.3
270,1,1.0,1.0,1.0,0.2647385704347907,0.0,0.0,0.75,0.25,0.3
271,0,1.0,0.0,0.0,0.060507970265993034,0.0,0.0,0.875,0.25,0.3
272,1,0.0,0.0,1.0,0.0,0.0,0.0,0.25,0.25,0.3
273,1,0.5,1.0,1.0,0.0380614651673182,0.16666666666666666,0.0,0.5,0.25,0.3
274,0,1.0,0.0,1.0,0.057970539254838485,0.16666666666666666,0.0,0.75,0.25,0.4
275,1,0.0,1.0,0.0,0.015126992566498259,0.0,0.0,0.25,0.25,1.0
276,1,1.0,1.0,1.0,0.15216446768991498,0.0,0.125,0.625,0.25,0.3
277,0,0.0,1.0,1.0,0.015126992566498259,0.0,0.0,0.25,0.25,0.3
278,0,0.5,0.0,0.0,0.0,0.0,0.0,0.5,0.25,0.3
279,0,0.0,0.0,1.0,0.056848213999904744,0.16666666666666666,0.5,0.25,0.25,1.0
280,1,0.0,1.0,1.0,0.03952536767375352,0.16666666666666666,0.125,0.25,0.25,0.3
281,0,0.0,0.0,1.0,0.015126992566498259,0.0,0.0,0.25,0.25,1.0
282,0,0.0,0.0,1.0,0.015330377421392339,0.0,0.0,0.25,0.25,0.3
283,0,0.0,0.0,1.0,0.018542765081513996,0.0,0.0,0.25,0.25,0.3
284,1,0.0,0.0,1.0,0.015712553569072387,0.0,0.0,0.25,0.25,0.3
285,0,1.0,0.0,0.0,0.050748620223090936,0.0,0.0,1.0,0.25,0.3
286,0,0.0,0.0,1.0,0.016908073949327893,0.0,0.0,0.25,0.25,0.4
287,1,0.0,0.0,1.0,0.018542765081513996,0.0,0.0,0.25,0.25,0.3
288,0,0.0,0.0,1.0,0.015411575213749284,0.0,0.0,0.25,0.25,0.3
289,1,0.5,0.0,1.0,0.025374310111545468,0.0,0.0,0.5,0.25,0.3
290,1,0.0,1.0,1.0,0.015126992566498259,0.0,0.0,0.25,0.25,1.0
291,1,1.0,1.0,1.0,0.15390495017656614,0.0,0.0,0.875,0.25,0.3
292,1,1.0,1.0,1.0,0.17777475888549785,0.0,0.125,0.875,0.25,0.4
293,0,0.5,0.0,1.0,0.025130326360472913,0.0,0.0,0.625,0.25,0.4
294,0,0.0,1.0,1.0,0.01727404957593672,0.0,0.0,0.25,0.25,0.3
295,0,0.0,0.0,1.0,0.015411575213749284,0.0,0.0,0.25,0.25,0.3
296,0,1.0,0.0,0.0,0.05410739813385612,0.0,0.0,0.875,0.25,0.4
297,0,0.0,0.0,1.0,0.014110458666029575,0.0,0.0,0.25,0.25,0.4
298,0,1.0,1.0,1.0,0.29580589980036276,0.3333333333333333,0.125,0.75,0.5,0.3
299,1,1.0,0.0,0.0,0.05953203526170282,0.0,0.0,0.75,0.25,0.3
300,1,1.0,1.0,1.0,0.4831284260198326,0.16666666666666666,0.0,0.875,0.5,0.4
301,1,0.0,1.0,0.0,0.015126992566498259,0.0,0.0,0.25,0.25,1.0
302,1,0.0,0.0,0.0,0.04538097769949478,0.0,0.25,0.25,0.25,1.0
303,0,0.0,0.0,1.0,0.0,0.0,0.0,0.25,0.25,0.3
304,1,0.5,1.0,0.0,0.024105594605968193,0.0,0.0,0.5,0.25,1.0
305,0,0.0,0.0,0.0,0.015712553569072387,0.0,0.0,0.25,0.25,0.3
306,1,1.0,0.0,1.0,0.29580589980036276,0.3333333333333333,0.125,0.75,0.5,0.3
307,1,1.0,1.0,0.0,0.21642978772242535,0.0,0.0,0.875,0.25,0.4
308,1,1.0,1.0,1.0,0.2125586439344078,0.0,0.125,0.75,0.25,0.4
309,0,0.5,0.0,1.0,0.04684488020593009,0.0,0.125,0.5,0.25,0.4
310,1,1.0,1.0,1.0,0.11111839809247648,0.0,0.0,0.5,0.25,0.4
311,1,1.0,1.0,1.0,0.16231419173453318,0.0,0.0,0.75,0.25,0.4
312,1,1.0,1.0,1.0,0.5121218935012878,0.3333333333333333,0.25,0.875,1.0,0.4
313,0,0.5,1.0,1.0,0.050748620223090936,0.16666666666666666,0.125,0.5,0.25,0.3
314,0,0.0,0.0,1.0,0.015411575213749284,0.0,0.0,0.25,0.25,0.3
315,0,0.5,0.0,1.0,0.05123658772523604,0.16666666666666666,0.125,0.5,0.25,0.3
316,1,0.0,1.0,1.0,0.015330377421392339,0.0,0.0,0.25,0.25,0.3
317,1,0.5,1.0,1.0,0.050748620223090936,0.0,0.125,0.5,0.25,0.3
318,0,0.5,0.0,1.0,0.027326180120125887,0.0,0.0,0.5,0.25,0.3
319,1,1.0,1.0,1.0,0.32179836714362564,0.3333333333333333,0.0,0.75,0.25,0.3
320,1,1.0,1.0,1.0,0.2625265161540666,0.16666666666666666,0.125,0.5,0.25,0.4
321,0,0.0,0.0,1.0,0.014151057562208049,0.0,0.0,0.25,0.25,0.3
322,0,0.0,0.0,1.0,0.015411575213749284,0.0,0.0,0.25,0.25,0.3
323,1,0.5,1.0,1.0,0.024105594605968193,0.0,0.0,0.5,0.25,1.0
324,1,0.5,1.0,1.0,0.056604230248832196,0.16666666666666666,0.125,0.5,0.25,0.3
325,0,0.0,0.0,0.0,0.13575255909676823,0.3333333333333333,1.0,0.25,0.25,0.3
326,1,1.0,1.0,1.0,0.2647385704347907,0.0,0.0,0.75,0.25,0.4
327,0,0.0,0.0,1.0,0.012174789178520372,0.0,0.0,0.25,0.25,0.3
328,1,0.5,1.0,1.0,0.025374310111545468,0.0,0.0,0.625,0.25,0.3
329,1,0.0,1.0,1.0,0.04006213192611313,0.16666666666666666,0.125,0.25,0.25,0.3
330,1,1.0,1.0,1.0,0.11316786160148591,0.16666666666666666,0.0,0.875,0.25,0.4
331,1,0.0,1.0,0.0,0.04538097769949478,0.0,0.25,0.25,0.25,1.0
332,0,1.0,0.0,1.0,0.055628295244541985,0.0,0.0,0.75,0.25,0.3
333,0,1.0,0.0,1.0,0.2995388511917728,0.16666666666666666,0.0,0.75,0.25,0.3
334,0,0.0,0.0,1.0,0.03513366015444757,0.0,0.25,0.25,0.25,0.3
335,1,1.0,1.0,0.0,0.2608674266467732,0.0,0.125,0.875,0.25,0.3
336,0,0.0,0.0,0.0,0.015411575213749284,0.0,0.0,0.25,0.25,0.3
337,0,1.0,0.0,1.0,0.12999454257145598,0.0,0.125,0.75,0.25,0.3
338,1,1.0,1.0,1.0,0.2625265161540666,0.0,0.0,0.5,0.25,0.4
339,1,0.0,0.0,1.0,0.015712553569072387,0.0,0.0,0.25,0.25,0.3
340,0,1.0,0.0,1.0,0.06929138530460492,0.0,0.0,0.125,0.25,0.3
341,1,0.5,0.0,1.0,0.050748620223090936,0.16666666666666666,0.125,0.375,0.25,0.3
342,1,1.0,1.0,1.0,0.5133418122566505,0.3333333333333333,0.375,0.75,0.75,0.3
343,0,0.5,0.0,1.0,0.025374310111545468,0.0,0.0,0.5,0.25,0.3
344,0,0.5,0.0,1.0,0.025374310111545468,0.0,0.0,0.5,0.25,0.3
345,0,0.5,0.0,1.0,0.025374310111545468,0.0,0.0,0.5,0.25,0.3
346,1,0.5,1.0,1.0,0.025374310111545468,0.0,0.0,0.375,0.25,0.3
347,1,0.5,1.0,1.0,0.025374310111545468,0.0,0.0,0.5,0.25,0.3
348,1,0.0,1.0,0.0,0.031425107138144774,0.0,0.125,0.25,0.25,0.3
349,1,0.0,0.0,1.0,0.031034733136428686,0.16666666666666666,0.125,0.25,0.25,0.3
350,0,0.0,0.0,1.0,0.016908073949327893,0.0,0.0,0.25,0.25,0.3
351,0,0.0,0.0,1.0,0.01800600082915438,0.0,0.0,0.25,0.25,0.3
352,0,1.0,0.0,0.0,0.06831545030031472,0.0,0.0,0.75,0.25,0.3
353,0,0.0,0.0,1.0,0.014110458666029575,0.16666666666666666,0.125,0.25,0.25,0.4
354,0,0.0,0.0,1.0,0.034743286152731485,0.0,0.125,0.25,0.25,0.3
355,0,0.0,0.0,0.0,0.014102260811993537,0.0,0.0,0.25,0.25,0.4
356,0,0.0,0.0,1.0,0.018542765081513996,0.0,0.0,0.25,0.25,0.3
357,1,1.0,1.0,1.0,0.10735285047192313,0.16666666666666666,0.0,0.5,0.25,0.3
358,0,0.5,1.0,1.0,0.025374310111545468,0.0,0.0,0.5,0.25,0.3
359,1,0.0,1.0,0.0,0.01537917417160685,0.0,0.0,0.25,0.25,1.0
360,1,0.0,1.0,0.0,0.01537917417160685,0.0,0.0,0.25,0.25,1.0
361,0,0.0,0.0,1.0,0.05445717323939373,0.6666666666666666,0.125,0.25,0.25,0.3
362,0,0.5,0.0,1.0,0.05410739813385612,0.0,0.125,0.5,0.25,0.4
363,0,0.0,1.0,1.0,0.028212719478023115,0.16666666666666666,0.0,0.25,0.25,0.4
364,0,0.0,0.0,1.0,0.013760683560491965,0.0,0.0,0.25,0.25,0.3
365,0,0.0,0.0,0.0,0.030253985132996517,0.0,0.125,0.25,0.25,1.0
366,0,0.0,0.0,1.0,0.014151057562208049,0.0,0.0,0.25,0.25,0.3
367,1,1.0,1.0,1.0,0.14687821814567664,0.0,0.125,0.625,0.25,0.4
368,1,0.0,1.0,0.0,0.014110458666029575,0.0,0.0,0.25,0.25,0.4
369,1,0.0,1.0,0.0,0.015126992566498259,0.0,0.0,0.25,0.25,1.0
370,1,1.0,1.0,1.0,0.13526459159462315,0.0,0.0,0.875,0.25,0.4
371,1,1.0,0.0,1.0,0.1082149914547131,0.0,0.125,0.5,0.25,0.4
372,0,0.0,0.0,1.0,0.012678957201736696,0.0,0.125,0.25,0.25,0.3
373,0,0.0,0.0,1.0,0.015712553569072387,0.0,0.0,0.25,0.25,0.3
374,0,1.0,0.0,1.0,0.2647385704347907,0.0,0.0,0.875,0.25,0.4
375,0,0.0,1.0,1.0,0.04113566043083236,0.16666666666666666,0.375,0.25,0.25,0.3
376,1,1.0,1.0,0.0,0.16038672010106,0.0,0.125,0.875,0.25,0.4
377,1,0.0,1.0,1.0,0.014151057562208049,0.0,0.0,0.25,0.25,0.3
378,0,1.0,0.0,1.0,0.41282050681475896,0.3333333333333333,0.0,0.75,0.25,0.4
379,0,0.0,0.0,1.0,0.007831878409428937,0.0,0.0,0.25,0.25,0.4
380,0,0.0,0.0,1.0,0.015175789316712771,0.0,0.0,0.25,0.25,0.3
381,1,1.0,1.0,1.0,0.4440992237022602,0.0,0.0,0.875,0.25,0.4
382,1,0.0,1.0,1.0,0.030725752114070404,0.3333333333333333,0.0,0.25,0.25,0.4
383,0,0.0,0.0,1.0,0.015468569817999833,0.0,0.0,0.25,0.25,0.3
384,1,1.0,1.0,1.0,0.10149724044618187,0.0,0.125,0.875,0.25,0.3
385,0,0.0,0.0,0.0,0.015411575213749284,0.0,0.0,0.25,0.25,0.3
386,0,0.5,0.0,1.0,0.1434624456306609,0.0,0.0,0.5,0.25,0.3
387,0,0.0,0.0,1.0,0.09154270340242172,0.3333333333333333,0.625,0.25,0.25,0.3
388,1,0.5,1.0,1.0,0.025374310111545468,0.0,0.0,0.5,0.25,0.3
389,0,0.0,0.0,0.0,0.015086393670319786,0.0,0.0,0.25,0.25,1.0
390,1,0.5,1.0,1.0,0.023422440102965045,0.0,0.0,0.5,0.25,0.4
391,1,1.0,0.0,1.0,0.23422440102965045,0.3333333333333333,0.125,0.875,0.5,0.3
392,1,0.0,0.0,1.0,0.015216388212891242,0.0,0.0,0.25,0.25,0.3
393,0,0.0,0.0,1.0,0.015468569817999833,0.0,0.25,0.25,0.25,0.3
394,1,1.0,1.0,1.0,0.22109807522194713,0.0,0.125,0.625,0.25,0.4
395,1,0.0,1.0,1.0,0.03259622914329302,0.3333333333333333,0.0,0.25,0.25,0.3
396,0,0.0,0.0,1.0,0.015216388212891242,0.0,0.0,0.25,0.25,0.3
397,0,0.0,1.0,1.0,0.015330377421392339,0.0,0.0,0.25,0.25,0.3
398,0,0.5,0.0,1.0,0.050748620223090936,0.0,0.0,0.5,0.25,0.3
399,0,0.5,0.0,1.0,0.020494635090094415,0.0,0.0,0.5,0.25,0.3
400,1,0.5,1.0,1.0,0.02469115560854232,0.0,0.0,0.5,0.25,0.3
401,1,0.0,0.0,1.0,0.015468569817999833,0.0,0.0,0.25,0.25,0.3
402,0,0.0,0.0,1.0,0.015712553569072387,0.0,0.0,0.25,0.25,0.3
403,0,0.0,1.0,1.0,0.019177122834302632,0.0,0.125,0.25,0.25,0.3
404,0,0.0,0.0,1.0,0.030937139635999665,0.0,0.125,0.25,0.25,0.3
405,0,0.0,1.0,1.0,0.016908073949327893,0.0,0.0,0.25,0.25,0.3
406,0,0.5,0.0,1.0,0.04098927018018883,0.0,0.125,0.5,0.25,0.3
407,0,0.0,0.0,1.0,0.015126992566498259,0.0,0.0,0.25,0.25,0.3
408,1,0.5,0.0,1.0,0.03659756266088288,0.16666666666666666,0.125,0.5,0.25,0.3
409,0,0.0,0.0,1.0,0.015175789316712771,0.0,0.0,0.25,0.25,0.3
410,0,0.0,1.0,0.0,0.04970768794751499,0.16666666666666666,0.375,0.25,0.25,0.3
411,0,0.0,0.0,0.0,0.015411575213749284,0.0,0.0,0.25,0.25,0.3
412,0,0.0,0.0,0.0,0.013386510079847098,0.0,0.0,0.25,0.25,1.0
413,1,1.0,1.0,1.0,0.17566830077223786,0.0,0.125,0.75,0.25,1.0
414,0,0.5,0.0,0.0,0.0,0.0,0.0,0.5,0.25,0.3
415,1,0.0,0.0,1.0,0.015468569817999833,0.0,0.0,0.25,0.25,0.3
416,0,0.0,1.0,0.0,0.015712553569072387,0.0,0.0,0.25,0.25,0.3
417,1,0.5,1.0,1.0,0.06343577527886367,0.16666666666666666,0.125,0.5,0.25,0.3
418,1,0.5,1.0,1.0,0.025374310111545468,0.3333333333333333,0.0,0.5,0.25,0.3
419,0,0.5,0.0,1.0,0.025374310111545468,0.0,0.0,0.5,0.25,0.3
420,0,0.0,1.0,1.0,0.04713766070721715,0.3333333333333333,0.0,0.25,0.25,0.3
421,0,0.0,0.0,0.0,0.015411575213749284,0.0,0.0,0.25,0.25,0.4
422,0,0.0,0.0,1.0,0.015094396337354966,0.0,0.0,0.25,0.25,1.0
423,0,0.0,0.0,1.0,0.015370976317570811,0.0,0.0,0.25,0.25,0.3
424,0,0.0,1.0,1.0,0.028106928123558056,0.16666666666666666,0.125,0.25,0.25,0.3
425,0,0.0,0.0,1.0,0.039452172548431745,0.16666666666666666,0.125,0.25,0.25,0.3
426,0,0.0,0.0,0.0,0.014151057562208049,0.0,0.0,0.25,0.25,0.3
427,1,0.5,1.0,1.0,0.050748620223090936,0.0,0.125,0.5,0.25,0.3
428,1,0.5,1.0,1.0,0.050748620223090936,0.0,0.0,0.5,0.25,0.3
429,0,0.0,0.0,0.0,0.015126992566498259,0.0,0.0,0.25,0.25,1.0
430,1,0.0,0.0,1.0,0.015712553569072387,0.0,0.0,0.5,0.25,0.3
431,1,1.0,0.0,1.0,0.051822148727810165,0.0,0.0,0.75,0.25,0.3
432,1,0.0,1.0,0.0,0.031425107138144774,0.0,0.125,0.25,0.25,0.3
433,1,0.5,1.0,1.0,0.050748620223090936,0.0,0.125,0.5,0.25,0.3
434,0,0.0,0.0,1.0,0.013907073811135496,0.0,0.0,0.25,0.25,0.3
435,0,1.0,0.0,1.0,0.1091095334796455,0.0,0.125,0.5,0.25,0.3
436,1,1.0,1.0,1.0,0.23422440102965045,0.3333333333333333,0.125,0.875,0.5,0.3
437,0,0.0,1.0,1.0,0.06709553154495196,0.3333333333333333,0.25,0.25,0.25,0.3
438,1,0.5,1.0,1.0,0.03659756266088288,0.5,0.25,0.5,0.25,0.3
439,0,1.0,0.0,1.0,0.5133418122566505,0.6666666666666666,0.125,0.75,0.75,0.3
440,0,0.5,0.0,1.0,0.020494635090094415,0.0,0.0,0.5,0.25,0.3
441,1,0.5,1.0,1.0,0.05123658772523604,0.16666666666666666,0.125,0.5,0.25,0.3
442,0,0.0,0.0,1.0,0.018542765081513996,0.0,0.0,0.25,0.25,0.3
443,0,0.0,0.0,1.0,0.015175789316712771,0.0,0.125,0.25,0.25,0.3
444,1,0.5,1.0,1.0,0.025374310111545468,0.0,0.0,0.5,0.25,0.3
445,1,0.0,0.0,0.0,0.015834545444608664,0.0,0.0,0.25,0.25,0.3
446,1,1.0,0.0,1.0,0.15977676072337862,0.3333333333333333,0.0,1.0,0.25,0.3
447,1,0.5,1.0,1.0,0.0380614651673182,0.16666666666666666,0.0,0.5,0.25,0.3
448,1,1.0,0.0,1.0,0.051822148727810165,0.0,0.0,0.875,0.25,0.3
449,1,0.0,1.0,1.0,0.03758969818624431,0.16666666666666666,0.25,0.25,0.25,0.4
450,1,1.0,0.0,1.0,0.05953203526170282,0.0,0.0,0.75,0.25,0.3
451,0,0.5,0.0,1.0,0.05416439273810667,0.3333333333333333,0.125,0.5,0.25,0.3
452,0,0.0,0.0,0.0,0.03897240290032268,0.0,0.125,0.25,0.25,0.3
453,0,1.0,0.0,1.0,0.05416439273810667,0.0,0.0,0.75,0.25,0.4
454,1,1.0,0.0,1.0,0.17391981561855152,0.0,0.125,0.75,0.25,0.4
455,0,0.0,0.0,0.0,0.015712553569072387,0.0,0.0,0.25,0.25,0.3
456,1,0.0,0.0,1.0,0.015411575213749284,0.0,0.0,0.25,0.25,0.4
457,0,1.0,0.0,1.0,0.051822148727810165,0.0,0.0,0.5,0.25,0.3
458,1,1.0,1.0,0.0,0.10122885832000206,0.0,0.125,0.625,0.25,0.3
459,1,0.5,1.0,1.0,0.020494635090094415,0.0,0.0,0.5,0.25,0.3
460,0,0.0,0.0,0.0,0.015126992566498259,0.0,0.0,0.25,0.25,1.0
461,1,1.0,0.0,1.0,0.051822148727810165,0.0,0.0,0.5,0.25,0.3
462,0,0.0,0.0,1.0,0.015712553569072387,0.0,0.0,0.25,0.25,0.3
463,0,1.0,0.0,1.0,0.07514699533034619,0.0,0.0,0.5,0.25,0.3
464,0,0.5,0.0,1.0,0.025374310111545468,0.0,0.0,0.5,0.25,0.3
465,0,0.0,0.0,0.0,0.015712553569072387,0.0,0.0,0.25,0.25,0.3
466,0,0.0,0.0,1.0,0.013760683560491965,0.0,0.0,0.25,0.25,0.3
467,0,0.5,0.0,0.0,0.0,0.0,0.0,0.5,0.25,0.3
468,0,1.0,0.0,1.0,0.051822148727810165,0.0,0.0,0.875,0.25,0.3
469,0,0.0,0.0,0.0,0.015078195816283748,0.0,0.0,0.25,0.25,1.0
470,1,0.0,1.0,1.0,0.03758969818624431,0.16666666666666666,0.25,0.25,0.25,0.4
471,0,0.0,0.0,0.0,0.014151057562208049,0.0,0.0,0.25,0.25,0.3
472,0,0.0,0.0,1.0,0.016908073949327893,0.0,0.0,0.25,0.25,0.3
473,1,0.5,1.0,1.0,0.05416439273810667,0.3333333333333333,0.125,0.5,0.25,0.3
474,1,0.5,1.0,1.0,0.026919605597338588,0.0,0.0,0.625,0.25,0.4
475,0,0.0,1.0,1.0,0.019201521209409888,0.0,0.0,0.25,0.25,0.3
476,0,1.0,0.0,0.0,0.10149724044618187,0.0,0.0,1.0,0.25,0.3
477,0,0.5,0.0,1.0,0.04098927018018883,0.0,0.125,0.5,0.25,0.3
478,0,0.0,0.0,1.0,0.013752485706455927,0.0,0.125,0.25,0.25,0.3
479,0,0.0,0.0,1.0,0.014679623960531627,0.0,0.0,0.25,0.25,0.3
480,1,0.0,1.0,1.0,0.023983602730431916,0.16666666666666666,0.0,0.25,0.25,0.3
481,0,0.0,0.0,1.0,0.09154270340242172,0.3333333333333333,0.625,0.25,0.25,0.3
482,0,0.5,0.0,0.0,0.0,0.0,0.0,0.5,0.25,0.3
483,0,0.0,0.0,1.0,0.015712553569072387,0.0,0.0,0.25,0.25,0.3
484,1,0.0,1.0,1.0,0.018713553707264782,0.0,0.0,0.25,0.25,0.3
485,1,1.0,0.0,1.0,0.17777475888549785,0.0,0.125,0.875,0.25,0.4
486,0,0.0,1.0,0.0,0.04970768794751499,0.16666666666666666,0.375,0.25,0.25,0.3
487,1,1.0,1.0,1.0,0.17566830077223786,0.0,0.125,0.75,0.25,0.3
488,0,1.0,0.0,1.0,0.057970539254838485,0.0,0.0,0.875,0.25,0.4
489,0,0.0,0.0,1.0,0.015712553569072387,0.0,0.0,0.25,0.25,0.3
490,1,0.0,0.0,1.0,0.031034733136428686,0.16666666666666666,0.125,0.25,0.25,0.3
491,0,0.0,0.0,0.0,0.03897240290032268,0.0,0.125,0.25,0.25,0.3
492,0,0.0,0.0,1.0,0.014151057562208049,0.0,0.0,0.25,0.25,0.3
493,0,1.0,0.0,1.0,0.05953203526170282,0.0,0.0,0.75,0.25,0.3
494,0,1.0,0.0,1.0,0.09662576327876685,0.0,0.0,0.875,0.25,0.4
495,0,0.0,0.0,1.0,0.015712553569072387,0.0,0.0,0.25,0.25,0.3
496,0,0.0,0.0,0.0,0.028220722145058292,0.0,0.0,0.25,0.25,0.4
497,1,1.0,1.0,1.0,0.1527664244005612,0.0,0.125,0.625,0.25,0.4
498,0,0.0,0.0,0.0,0.029473237129564348,0.0,0.0,0.25,0.25,0.3
499,0,1.0,1.0,1.0,0.29580589980036276,0.3333333333333333,0.125,0.75,0.5,0.3
500,0,0.0,0.0,1.0,0.015216388212891242,0.0,0.0,0.25,0.25,0.3
501,0,0.0,0.0,1.0,0.016908073949327893,0.0,0.0,0.25,0.25,0.3
502,0,0.0,1.0,1.0,0.015126992566498259,0.0,0.0,0.25,0.25,1.0
503,0,0.0,1.0,0.0,0.014891206669461744,0.0,0.0,0.25,0.25,1.0
504,0,0.0,1.0,1.0,0.018713553707264782,0.0,0.0,0.25,0.25,0.3
505,1,1.0,1.0,1.0,0.16883675574220638,0.0,0.0,0.875,0.25,0.3
506,0,1.0,0.0,1.0,0.2125586439344078,0.0,0.125,0.75,0.25,0.4
507,1,0.5,1.0,1.0,0.050748620223090936,0.3333333333333333,0.0,0.5,0.25,0.3
508,1,1.0,0.0,0.0,0.051822148727810165,0.0,0.0,0.875,0.25,0.3
509,0,0.0,0.0,1.0,0.04396587194327397,0.0,0.0,0.25,0.25,0.3
510,1,0.0,0.0,1.0,0.11027245763075773,0.0,0.0,0.25,0.25,0.3
511,1,0.0,0.0,1.0,0.015126992566498259,0.0,0.0,0.25,0.25,1.0
512,0,0.0,0.0,0.0,0.015712553569072387,0.0,0.0,0.25,0.25,0.3
513,1,1.0,0.0,1.0,0.05130978285055781,0.0,0.0,0.5,0.25,0.3
514,1,1.0,1.0,1.0,0.11594107850967697,0.0,0.125,0.875,0.25,0.4
515,0,0.0,0.0,1.0,0.014630827210317115,0.0,0.0,0.25,0.25,0.3
516,0,1.0,0.0,1.0,0.06640417918791278,0.0,0.0,0.625,0.25,0.3
517,1,0.5,1.0,1.0,0.020494635090094415,0.0,0.0,0.375,0.25,0.3
518,0,0.0,0.0,0.0,0.04713766070721715,0.0,0.0,0.25,0.25,1.0
519,1,0.5,1.0,1.0,0.050748620223090936,0.0,0.125,0.5,0.25,0.3
520,0,0.0,0.0,1.0,0.015411575213749284,0.0,0.0,0.25,0.25,0.3
521,1,1.0,1.0,1.0,0.18249984580226933,0.0,0.0,0.875,0.25,0.3
522,0,0.0,0.0,1.0,0.015411575213749284,0.0,0.0,0.25,0.25,0.3
523,0,0.0,0.0,0.0,0.014102260811993537,0.0,0.0,0.25,0.25,0.4
524,1,1.0,1.0,1.0,0.11316786160148591,0.16666666666666666,0.0,0.875,0.25,0.4
525,0,0.0,0.0,0.0,0.014110458666029575,0.0,0.0,0.25,0.25,0.4
526,0,0.0,0.0,1.0,0.015126992566498259,0.0,0.0,0.25,0.25,1.0
527,1,0.5,1.0,1.0,0.020494635090094415,0.0,0.0,0.5,0.25,0.3
528,0,1.0,0.0,0.0,0.4328841690069588,0.0,0.0,0.75,0.25,0.3
529,0,0.0,0.0,1.0,0.015468569817999833,0.0,0.0,0.25,0.25,0.3
530,0,0.5,0.0,1.0,0.022446505098674834,0.16666666666666666,0.25,0.5,0.25,0.3
531,1,0.5,1.0,1.0,0.050748620223090936,0.16666666666666666,0.125,0.5,0.25,0.3
532,0,0.0,0.0,0.0,0.014110458666029575,0.0,0.0,0.25,0.25,0.4
533,0,0.0,0.0,1.0,0.014110458666029575,0.16666666666666666,0.125,0.25,0.25,0.4
534,1,0.0,1.0,0.0,0.04364049521284361,0.3333333333333333,0.0,0.25,0.25,0.4
535,0,0.0,1.0,1.0,0.016908073949327893,0.0,0.0,0.25,0.25,0.3
536,1,0.5,1.0,1.0,0.05123658772523604,0.3333333333333333,0.0,0.5,0.25,0.3
537,0,1.0,0.0,1.0,0.051822148727810165,0.0,0.0,0.875,0.25,0.3
538,1,1.0,1.0,1.0,0.20772776566317125,0.0,0.0,0.875,0.25,0.4
539,0,0.0,0.0,0.0,0.028302115124416098,0.0,0.0,0.25,0.25,0.3
540,1,1.0,1.0,1.0,0.09661756542473081,0.3333333333333333,0.0,0.875,0.25,0.4
541,1,1.0,1.0,1.0,0.13858277060920984,0.3333333333333333,0.0,0.875,0.25,0.3
542,0,0.0,1.0,1.0,0.06104473451835265,0.3333333333333333,0.5,0.25,0.25,0.3
543,0,0.0,1.0,1.0,0.06104473451835265,0.3333333333333333,0.5,0.25,0.25,0.3
544,1,0.5,0.0,1.0,0.050748620223090936,0.0,0.125,0.5,0.25,0.3
545,0,1.0,0.0,1.0,0.20772776566317125,0.0,0.125,0.75,0.25,0.4
546,0,1.0,0.0,1.0,0.050748620223090936,0.0,0.0,0.875,0.25,0.3
547,1,0.5,1.0,1.0,0.050748620223090936,0.0,0.125,0.5,0.25,0.3
548,1,0.5,0.0,0.0,0.02705779799394608,0.0,0.0,0.5,0.25,0.4
549,0,0.0,0.0,1.0,0.04006213192611313,0.16666666666666666,0.125,0.25,0.25,0.3
550,1,0.5,0.0,1.0,0.07173122281533045,0.16666666666666666,0.125,0.5,0.25,0.3
551,1,1.0,0.0,1.0,0.21642978772242535,0.3333333333333333,0.0,0.75,0.25,0.4
552,0,0.5,0.0,1.0,0.050748620223090936,0.0,0.0,0.5,0.25,0.3
553,0,0.0,0.0,0.0,0.015281580671177828,0.0,0.0,0.25,0.25,1.0
554,1,0.0,0.0,1.0,0.014102260811993537,0.0,0.0,0.25,0.25,0.4
555,1,0.0,1.0,1.0,0.015175789316712771,0.0,0.0,0.25,0.25,0.3
556,0,1.0,0.0,1.0,0.051822148727810165,0.0,0.0,0.875,0.25,0.3
557,1,1.0,1.0,1.0,0.07729405233978466,0.0,0.125,1.0,0.25,0.4
558,0,1.0,0.0,0.0,0.4440992237022602,0.0,0.0,0.875,0.25,0.4
559,1,1.0,1.0,1.0,0.1554664461834305,0.16666666666666666,0.125,0.5,0.25,0.3
560,1,0.0,1.0,1.0,0.033962538149299316,0.0,0.125,0.25,0.25,0.3
561,0,0.0,0.0,0.0,0.015126992566498259,0.0,0.0,0.25,0.25,1.0
562,0,0.0,0.0,1.0,0.015411575213749284,0.0,0.0,0.25,0.25,0.3
563,0,0.5,0.0,1.0,0.026350245115835676,0.0,0.0,0.5,0.25,0.3
564,0,0.0,0.0,0.0,0.015712553569072387,0.0,0.0,0.25,0.25,0.3
565,0,0.0,1.0,0.0,0.015712553569072387,0.0,0.0,0.25,0.25,0.3
566,0,0.0,0.0,1.0,0.04713766070721715,0.0,0.25,0.25,0.25,0.3
567,0,0.0,0.0,1.0,0.015411575213749284,0.0,0.0,0.25,0.25,0.3
568,0,0.0,1.0,1.0,0.04113566043083236,0.6666666666666666,0.0,0.25,0.25,0.3
569,0,0.0,0.0,0.0,0.014110458666029575,0.0,0.0,0.25,0.25,0.4
570,1,0.0,0.0,1.0,0.015330377421392339,0.0,0.0,0.25,0.25,0.3
571,1,0.5,0.0,1.0,0.020494635090094415,0.0,0.0,0.5,0.25,0.3
572,1,1.0,1.0,1.0,0.10048070654571319,0.0,0.25,0.75,0.25,0.3
573,1,1.0,0.0,1.0,0.051504969851415845,0.0,0.0,0.5,0.25,0.3
574,1,0.0,1.0,0.0,0.015126992566498259,0.0,0.0,0.25,0.25,1.0
575,0,0.0,0.0,1.0,0.015712553569072387,0.0,0.0,0.25,0.25,0.3
576,0,0.0,0.0,1.0,0.028302115124416098,0.0,0.0,0.25,0.25,0.3
577,1,0.5,1.0,1.0,0.025374310111545468,0.0,0.0,0.5,0.25,0.3
578,1,1.0,1.0,1.0,0.1091095334796455,0.0,0.125,0.5,0.25,0.3
579,0,0.0,1.0,0.0,0.028220722145058292,0.0,0.125,0.25,0.25,0.4
580,1,0.0,0.0,1.0,0.015468569817999833,0.0,0.0,0.25,0.25,0.3
581,1,0.5,1.0,1.0,0.05855610025741261,0.16666666666666666,0.125,0.5,0.25,0.3
582,1,1.0,1.0,1.0,0.21642978772242535,0.16666666666666666,0.125,0.75,0.25,0.4
583,0,0.5,0.0,1.0,0.050748620223090936,0.0,0.0,0.5,0.25,0.3
584,0,1.0,0.0,1.0,0.07831878409428937,0.0,0.0,1.0,0.25,0.4
585,0,0.0,0.0,0.0,0.017005667449756914,0.0,0.0,0.25,0.25,0.4
586,1,1.0,1.0,1.0,0.1554664461834305,0.3333333333333333,0.0,0.5,0.25,0.3
587,0,0.5,0.0,1.0,0.029278050128706306,0.0,0.0,0.5,0.25,0.3
588,1,1.0,0.0,1.0,0.15458810467956932,0.16666666666666666,0.125,0.875,0.25,0.4
589,0,0.0,0.0,1.0,0.015712553569072387,0.0,0.0,0.25,0.25,0.3
590,0,0.0,0.0,0.0,0.015712553569072387,0.0,0.0,0.25,0.25,0.3
591,0,0.0,0.0,1.0,0.013907073811135496,0.0,0.0,0.25,0.25,0.3
592,1,1.0,1.0,1.0,0.1527664244005612,0.0,0.125,0.625,0.25,0.4
593,0,0.0,0.0,1.0,0.014151057562208049,0.0,0.0,0.25,0.25,0.3
594,0,0.0,1.0,0.0,0.015126992566498259,0.3333333333333333,0.0,0.25,0.25,1.0
595,0,0.5,0.0,1.0,0.050748620223090936,0.0,0.125,0.5,0.25,0.3
596,0,0.0,0.0,1.0,0.04713766070721715,0.16666666666666666,0.125,0.25,0.25,0.3
597,1,0.5,1.0,0.0,0.06441171028315387,0.0,0.0,0.5,0.25,0.3
598,0,0.0,0.0,1.0,0.0,0.0,0.0,0.25,0.25,0.3
599,0,0.0,0.0,0.0,0.014102260811993537,0.0,0.0,0.25,0.25,0.4
600,1,1.0,0.0,1.0,0.11111839809247648,0.0,0.125,1.0,0.25,0.4
601,1,0.5,1.0,1.0,0.05270049023167135,0.16666666666666666,0.25,0.5,0.25,0.3
602,0,0.0,0.0,0.0,0.015411575213749284,0.0,0.0,0.25,0.25,0.3
603,0,1.0,0.0,0.0,0.08275928836380983,0.0,0.0,0.875,0.25,0.3
604,0,0.0,0.0,1.0,0.015712553569072387,0.0,0.0,0.25,0.25,0.3
605,1,1.0,0.0,1.0,0.051822148727810165,0.0,0.0,0.875,0.25,0.4
606,0,0.0,0.0,1.0,0.030351578633425542,0.0,0.125,0.25,0.25,0.3
607,0,0.0,0.0,1.0,0.015411575213749284,0.0,0.0,0.25,0.25,0.3
608,1,1.0,0.0,1.0,0.05953203526170282,0.0,0.0,0.875,0.25,0.3
609,1,0.5,1.0,1.0,0.08115719346076702,0.3333333333333333,0.125,0.5,0.25,0.4
610,1,1.0,1.0,1.0,0.2995388511917728,0.0,0.0,0.75,0.25,0.3
611,0,0.0,1.0,1.0,0.06104473451835265,0.8333333333333334,0.125,0.25,0.25,0.3
612,0,0.0,0.0,0.0,0.013760683560491965,0.0,0.0,0.25,0.25,0.3
613,1,0.0,1.0,0.0,0.030253985132996517,0.0,0.125,0.25,0.25,1.0
614,0,0.0,0.0,0.0,0.015126992566498259,0.0,0.0,0.25,0.25,1.0
615,0,0.0,0.0,1.0,0.015712553569072387,0.0,0.0,0.25,0.25,0.3
616,1,0.5,1.0,1.0,0.12687155055772734,0.3333333333333333,0.125,0.5,0.25,0.3
617,0,0.0,0.0,1.0,0.028106928123558056,0.16666666666666666,0.125,0.25,0.25,0.3
618,0,0.0,1.0,1.0,0.031425107138144774,0.0,0.125,0.25,0.25,0.3
619,1,0.5,1.0,1.0,0.0761229303346364,0.16666666666666666,0.25,0.375,0.25,0.3
620,0,0.5,0.0,1.0,0.020494635090094415,0.0,0.0,0.5,0.25,0.3
621,0,0.0,0.0,1.0,0.028212719478023115,0.0,0.125,0.25,0.25,0.4
622,1,1.0,0.0,1.0,0.10257896680493714,0.0,0.125,0.625,0.25,0.3
623,1,0.0,0.0,1.0,0.030725752114070404,0.16666666666666666,0.125,0.25,0.25,0.4
624,0,0.0,0.0,1.0,0.015330377421392339,0.0,0.0,0.25,0.25,0.3
625,0,0.0,0.0,1.0,0.031425107138144774,0.0,0.0,0.25,0.25,0.3
626,0,1.0,0.0,1.0,0.06308600017332605,0.0,0.0,0.625,0.25,0.3
627,0,0.5,0.0,1.0,0.024105594605968193,0.0,0.0,0.5,0.25,1.0
628,1,1.0,1.0,1.0,0.15216446768991498,0.0,0.0,0.625,0.25,0.3
629,0,0.0,0.0,1.0,0.015411575213749284,0.0,0.0,0.25,0.25,0.3
630,0,0.0,0.0,0.0,0.015094396337354966,0.0,0.0,0.25,0.25,1.0
631,1,1.0,0.0,1.0,0.05855610025741261,0.0,0.0,1.0,0.25,0.3
632,0,0.0,0.0,1.0,0.013768881414528002,0.0,0.0,0.25,0.25,0.3
633,1,1.0,0.0,1.0,0.05953203526170282,0.0,0.0,0.875,0.25,0.4
634,0,1.0,0.0,0.0,0.0,0.0,0.0,0.875,0.25,0.3
635,0,0.0,1.0,1.0,0.05445717323939373,0.3333333333333333,0.375,0.25,0.25,0.3
636,1,0.5,1.0,1.0,0.025374310111545468,0.0,0.0,0.5,0.25,0.3
637,0,0.0,0.0,1.0,0.015468569817999833,0.0,0.0,0.25,0.25,0.3
638,0,0.5,0.0,1.0,0.05123658772523604,0.16666666666666666,0.125,0.5,0.25,0.3
639,0,0.0,1.0,1.0,0.07746484096553544,0.8333333333333334,0.0,0.25,0.25,0.3
640,0,0.0,0.0,0.0,0.031425107138144774,0.0,0.125,0.25,0.25,0.3
641,0,0.0,0.0,1.0,0.015330377421392339,0.0,0.0,0.25,0.25,0.3
642,1,1.0,1.0,1.0,0.13526459159462315,0.0,0.0,0.875,0.25,0.4
643,0,0.0,1.0,1.0,0.05445717323939373,0.3333333333333333,0.375,0.25,0.25,0.3
644,1,0.0,0.0,0.0,0.11027245763075773,0.0,0.0,0.25,0.25,0.3
645,1,0.0,1.0,1.0,0.03758969818624431,0.16666666666666666,0.25,0.25,0.25,0.4
646,1,1.0,0.0,1.0,0.1497654242623688,0.0,0.125,0.625,0.25,0.4
647,0,0.0,0.0,1.0,0.015411575213749284,0.0,0.0,0.25,0.25,0.3
648,1,1.0,0.0,1.0,0.06929138530460492,0.0,0.0,1.0,0.25,0.4
649,0,0.0,0.0,0.0,0.014736618564782174,0.0,0.0,0.25,0.25,0.3
650,1,0.0,1.0,1.0,0.014736618564782174,0.0,0.0,0.25,0.25,0.3
651,0,0.0,0.0,0.0,0.015411575213749284,0.0,0.0,0.25,0.25,0.3
652,1,0.5,1.0,1.0,0.04489301019734967,0.16666666666666666,0.0,0.5,0.25,0.3
653,0,0.0,0.0,1.0,0.01646070534336126,0.0,0.0,0.25,0.25,0.3
654,1,0.0,1.0,0.0,0.015281580671177828,0.0,0.0,0.25,0.25,1.0
655,0,0.0,1.0,1.0,0.013175122557917838,0.0,0.0,0.25,0.25,1.0
656,0,0.5,0.0,1.0,0.1434624456306609,0.0,0.25,0.5,0.25,0.3
657,0,0.0,0.0,0.0,0.015411575213749284,0.0,0.0,0.25,0.25,0.3
658,0,0.0,1.0,1.0,0.030253985132996517,0.16666666666666666,0.125,0.25,0.25,1.0
659,0,0.5,0.0,1.0,0.025374310111545468,0.0,0.0,0.5,0.25,0.3
660,0,1.0,0.0,1.0,0.22109807522194713,0.3333333333333333,0.0,0.625,0.25,0.4
661,1,1.0,0.0,1.0,0.2608674266467732,0.0,0.25,0.875,0.25,0.3
662,0,0.0,0.0,1.0,0.014102260811993537,0.0,0.0,0.25,0.25,0.4
663,0,1.0,0.0,1.0,0.04994347384455151,0.0,0.0,0.5,0.25,0.3
664,0,0.0,0.0,1.0,0.014630827210317115,0.0,0.0,0.25,0.25,0.3
665,1,0.0,0.0,1.0,0.015468569817999833,0.0,0.125,0.25,0.25,0.3
666,0,0.5,0.0,1.0,0.1434624456306609,0.0,0.25,0.5,0.25,0.3
667,0,0.5,0.0,1.0,0.025374310111545468,0.0,0.0,0.5,0.25,0.3
668,0,0.0,0.0,0.0,0.015175789316712771,0.0,0.0,0.25,0.25,0.3
669,0,0.0,0.0,1.0,0.015712553569072387,0.0,0.0,0.25,0.25,0.3
670,1,1.0,1.0,0.0,0.10149724044618187,0.0,0.125,0.75,0.25,0.3
671,1,0.5,1.0,1.0,0.0761229303346364,0.16666666666666666,0.125,0.5,0.25,0.3
672,0,1.0,0.0,1.0,0.10149724044618187,0.0,0.125,0.875,0.25,0.3
673,0,0.5,0.0,1.0,0.020494635090094415,0.0,0.0,0.5,0.25,0.3
674,1,0.5,0.0,1.0,0.025374310111545468,0.0,0.0,0.5,0.25,0.3
675,0,0.5,0.0,0.0,0.0,0.0,0.0,0.5,0.25,0.3
676,0,0.0,0.0,1.0,0.015175789316712771,0.0,0.0,0.25,0.25,0.3
677,0,0.0,0.0,1.0,0.015712553569072387,0.0,0.0,0.25,0.25,0.3
678,1,0.0,1.0,1.0,0.019209719063445922,0.0,0.0,0.25,0.25,0.3
679,0,0.0,1.0,1.0,0.09154270340242172,1.0,0.125,0.25,0.25,0.3
680,1,1.0,0.0,1.0,1.0,0.16666666666666666,0.0,0.875,0.75,0.4
681,0,0.0,1.0,0.0,0.01588334219482317,0.0,0.0,0.25,0.25,1.0
682,1,1.0,0.0,1.0,0.1497654242623688,0.0,0.0,0.625,0.25,0.4
683,0,0.0,0.0,1.0,0.01800600082915438,0.0,0.0,0.25,0.25,0.3
684,0,0.0,0.0,1.0,0.09154270340242172,0.3333333333333333,0.625,0.25,0.25,0.3
685,0,0.5,0.0,1.0,0.0761229303346364,0.16666666666666666,0.125,0.5,0.25,0.3
686,0,0.5,0.0,1.0,0.08115719346076702,0.3333333333333333,0.125,0.5,0.25,0.4
687,0,0.0,0.0,1.0,0.07746484096553544,0.16666666666666666,0.5,0.25,0.25,0.3
688,0,0.0,0.0,1.0,0.019852079483269742,0.0,0.0,0.25,0.25,0.3
689,0,0.0,0.0,1.0,0.015216388212891242,0.0,0.0,0.25,0.25,0.3
690,1,1.0,1.0,1.0,0.41250332793836464,0.16666666666666666,0.0,0.875,0.25,0.3
691,1,1.0,0.0,1.0,0.11125659048908397,0.0,0.125,0.875,0.25,0.3
692,1,0.0,1.0,1.0,0.026187654344120927,0.16666666666666666,0.0,0.25,0.25,0.4
693,1,0.0,0.0,0.0,0.11027245763075773,0.0,0.0,0.25,0.25,0.3
694,0,0.0,0.0,1.0,0.014102260811993537,0.0,0.0,0.25,0.25,0.4
695,0,1.0,0.0,1.0,0.051822148727810165,0.0,0.0,0.875,0.25,0.3
696,0,0.5,0.0,1.0,0.026350245115835676,0.0,0.0,0.5,0.25,0.3
697,0,0.0,0.0,1.0,0.015712553569072387,0.0,0.0,0.25,0.25,0.3
698,1,0.0,1.0,0.0,0.015094396337354966,0.0,0.0,0.25,0.25,1.0
699,0,1.0,0.0,1.0,0.21642978772242535,0.16666666666666666,0.125,0.75,0.25,0.4
700,0,0.0,0.0,1.0,0.014931805565640218,0.0,0.0,0.25,0.5,0.3
701,1,1.0,1.0,1.0,0.4440992237022602,0.0,0.125,0.75,0.5,0.4
702,1,1.0,0.0,1.0,0.05130978285055781,0.0,0.0,0.5,0.25,0.3
703,0,0.0,1.0,1.0,0.028212719478023115,0.16666666666666666,0.0,0.25,0.25,0.4
704,0,0.0,0.0,1.0,0.01511079204542704,0.0,0.0,0.25,0.25,1.0
705,0,0.0,0.0,1.0,0.015330377421392339,0.0,0.125,0.25,0.25,0.3
706,0,0.5,0.0,1.0,0.050748620223090936,0.0,0.0,0.5,0.25,0.3
707,1,0.5,1.0,1.0,0.026350245115835676,0.0,0.0,0.5,0.25,0.3
708,1,1.0,0.0,1.0,0.05130978285055781,0.0,0.0,0.5,0.25,0.3
709,1,1.0,1.0,1.0,0.29580589980036276,0.0,0.0,0.875,0.25,0.3
710,1,0.0,0.0,0.0,0.029757819776815374,0.16666666666666666,0.125,0.25,0.25,0.4
711,1,1.0,1.0,1.0,0.09662576327876685,0.0,0.0,0.75,0.25,0.4
712,0,1.0,0.0,0.0,0.051822148727810165,0.0,0.0,0.75,0.25,0.3
713,1,1.0,0.0,1.0,0.10149724044618187,0.0,0.125,0.75,0.25,0.3
714,0,0.0,0.0,1.0,0.018510168852370702,0.0,0.0,0.25,0.25,0.3
715,0,0.5,0.0,1.0,0.025374310111545468,0.0,0.0,0.5,0.25,0.3
716,0,0.0,0.0,1.0,0.014931805565640218,0.0,0.0,0.25,0.5,0.3
717,1,1.0,1.0,1.0,0.4440992237022602,0.0,0.0,0.75,0.25,0.4
718,1,0.5,1.0,1.0,0.020494635090094415,0.0,0.0,0.5,0.25,0.3
719,0,0.0,0.0,0.0,0.030253985132996517,0.0,0.0,0.25,0.25,1.0
720,0,0.0,0.0,1.0,0.015175789316712771,0.0,0.0,0.25,0.25,0.3
721,1,0.5,1.0,1.0,0.06441171028315387,0.16666666666666666,0.0,0.5,0.25,0.3
722,0,0.0,0.0,1.0,0.013768881414528002,0.0,0.125,0.25,0.25,0.3
723,0,0.5,0.0,1.0,0.025374310111545468,0.0,0.0,0.5,0.25,0.3
724,0,0.5,0.0,1.0,0.025374310111545468,0.0,0.0,0.5,0.25,0.3
725,1,1.0,0.0,1.0,0.10364429745562033,0.0,0.125,0.5,0.25,0.3
726,0,0.0,0.0,1.0,0.016908073949327893,0.0,0.0,0.25,0.25,0.3
727,1,0.5,1.0,1.0,0.04098927018018883,0.0,0.375,0.5,0.25,0.3
728,1,0.0,1.0,0.0,0.015102594191391002,0.0,0.0,0.25,0.25,1.0
729,0,0.5,0.0,1.0,0.050748620223090936,0.0,0.125,0.5,0.25,0.3
730,0,0.0,1.0,1.0,0.015468569817999833,0.0,0.125,0.25,0.25,0.3
731,1,1.0,1.0,1.0,0.41250332793836464,0.0,0.0,0.875,0.25,0.3
732,0,0.0,0.0,1.0,0.036670757786204655,0.0,0.0,0.25,0.25,0.4
733,0,0.5,0.0,0.0,0.0,0.0,0.0,0.5,0.25,0.3
734,0,0.5,0.0,1.0,0.025374310111545468,0.0,0.0,0.5,0.25,0.3
735,0,0.5,0.0,1.0,0.025374310111545468,0.0,0.0,0.5,0.25,0.3
736,0,0.0,0.0,1.0,0.031425107138144774,0.0,0.0,0.25,0.25,0.3
737,0,0.0,1.0,1.0,0.06709553154495196,0.5,0.125,0.25,0.25,0.3
738,1,1.0,0.0,1.0,1.0,0.0,0.0,0.875,0.25,0.4
739,0,0.0,0.0,0.0,0.015411575213749284,0.0,0.0,0.25,0.25,0.3
740,0,0.0,0.0,0.0,0.015411575213749284,0.0,0.0,0.25,0.25,0.3
741,1,1.0,0.0,0.0,0.05855610025741261,0.0,0.0,0.625,0.25,0.3
742,0,1.0,0.0,1.0,0.15390495017656614,0.0,0.125,0.75,0.25,0.3
743,1,1.0,1.0,1.0,0.5121218935012878,0.3333333333333333,0.25,0.875,1.0,0.4
744,0,0.0,0.0,1.0,0.031425107138144774,0.0,0.125,0.25,0.25,0.3
745,1,0.0,0.0,1.0,0.015468569817999833,0.0,0.0,0.25,0.25,0.3
746,0,1.0,0.0,1.0,0.13858277060920984,0.16666666666666666,0.125,0.875,0.25,0.3
747,0,0.0,0.0,1.0,0.03952536767375352,0.16666666666666666,0.125,0.25,0.25,0.3
748,1,0.5,1.0,1.0,0.025374310111545468,0.0,0.0,0.5,0.25,0.3
749,0,1.0,0.0,1.0,0.10364429745562033,0.0,0.125,0.625,0.25,0.3
750,0,0.0,0.0,1.0,0.015126992566498259,0.0,0.0,0.25,0.25,1.0
751,1,0.5,1.0,1.0,0.04489301019734967,0.16666666666666666,0.125,0.5,0.25,0.3
752,1,0.0,0.0,1.0,0.024349578357040744,0.16666666666666666,0.0,0.5,0.25,0.3
753,0,0.0,0.0,1.0,0.018542765081513996,0.0,0.0,0.25,0.25,0.3
754,0,0.0,0.0,1.0,0.015411575213749284,0.0,0.0,0.25,0.25,0.3
755,1,0.5,1.0,1.0,0.12687155055772734,0.3333333333333333,0.125,0.5,0.25,0.3
756,1,0.5,0.0,1.0,0.028302115124416098,0.16666666666666666,0.125,0.5,0.25,0.3
757,0,0.0,0.0,1.0,0.015216388212891242,0.0,0.0,0.25,0.25,0.3
758,0,0.5,0.0,1.0,0.022446505098674834,0.0,0.0,0.5,0.25,0.3
759,0,0.0,0.0,1.0,0.015712553569072387,0.0,0.0,0.25,0.25,0.3
760,1,1.0,1.0,1.0,0.16883675574220638,0.0,0.0,0.875,0.25,0.3
761,0,0.0,0.0,0.0,0.028302115124416098,0.0,0.0,0.25,0.25,0.3
762,0,0.0,0.0,1.0,0.013907073811135496,0.0,0.0,0.25,0.25,0.3
763,1,0.0,0.0,1.0,0.014110458666029575,0.0,0.0,0.25,0.25,0.4
764,1,1.0,1.0,1.0,0.23422440102965045,0.3333333333333333,0.125,0.875,0.5,0.3
765,0,0.0,0.0,1.0,0.015175789316712771,0.0,0.0,0.25,0.25,0.3
766,1,1.0,1.0,1.0,0.15216446768991498,0.0,0.125,0.625,0.25,0.3
767,0,1.0,0.0,0.0,0.07729405233978466,0.0,0.0,0.875,0.25,0.4
768,0,0.0,1.0,1.0,0.015126992566498259,0.0,0.0,0.25,0.25,1.0
769,0,0.0,0.0,0.0,0.04713766070721715,0.0,0.125,0.25,0.25,1.0
770,0,0.0,0.0,1.0,0.016322512946753766,0.0,0.0,0.25,0.25,0.3
771,0,0.0,0.0,1.0,0.018542765081513996,0.0,0.0,0.25,0.25,0.3
772,0,0.0,0.0,1.0,0.015330377421392339,0.0,0.0,0.25,0.25,0.3
773,0,0.5,1.0,1.0,0.020494635090094415,0.0,0.0,0.5,0.25,0.3
774,0,0.0,0.0,0.0,0.014102260811993537,0.0,0.0,0.25,0.25,0.4
775,1,0.5,1.0,1.0,0.04489301019734967,0.5,0.125,0.5,0.25,0.3
776,0,0.0,0.0,1.0,0.015126992566498259,0.0,0.0,0.25,0.25,0.3
777,0,0.0,0.0,0.0,0.015126992566498259,0.0,0.0,0.375,0.25,1.0
778,1,0.0,1.0,1.0,0.024349578357040744,0.0,0.0,0.25,0.25,0.3
779,0,0.0,0.0,0.0,0.015102594191391002,0.0,0.0,0.25,0.25,1.0
780,1,1.0,1.0,1.0,0.41250332793836464,0.16666666666666666,0.0,0.875,0.25,0.3
781,1,0.0,1.0,1.0,0.014110458666029575,0.0,0.0,0.25,0.25,0.4
782,1,1.0,1.0,1.0,0.11125659048908397,0.0,0.125,0.875,0.25,0.3
783,0,1.0,0.0,1.0,0.05855610025741261,0.0,0.0,0.625,0.25,0.3
784,0,0.0,0.0,0.0,0.04577135170121086,0.3333333333333333,0.125,0.25,0.25,0.3
785,0,0.0,0.0,1.0,0.013760683560491965,0.0,0.0,0.25,0.25,0.3
786,0,0.0,0.0,1.0,0.014151057562208049,0.0,0.0,0.25,0.25,0.3
787,1,0.0,1.0,1.0,0.014630827210317115,0.0,0.0,0.25,0.25,0.3
788,0,0.0,0.0,1.0,0.056848213999904744,0.16666666666666666,0.5,0.25,0.25,1.0
789,1,0.0,0.0,1.0,0.04015972542654215,0.3333333333333333,0.125,0.25,0.25,0.3
790,0,1.0,0.0,1.0,0.15458810467956932,0.0,0.0,0.875,0.5,0.4
791,0,0.0,0.0,0.0,0.015126992566498259,0.0,0.0,0.25,0.25,1.0
792,0,0.5,0.0,1.0,0.050748620223090936,0.0,0.0,0.5,0.25,0.3
793,0,0.0,1.0,0.0,0.13575255909676823,0.3333333333333333,1.0,0.25,0.25,0.3
794,0,1.0,0.0,0.0,0.05991421140938287,0.0,0.0,0.875,0.25,0.4
795,0,0.0,0.0,1.0,0.015411575213749284,0.0,0.0,0.25,0.25,0.3
796,0,0.5,0.0,1.0,0.025374310111545468,0.0,0.0,0.5,0.25,0.3
797,1,1.0,1.0,1.0,0.050610427826483444,0.0,0.0,0.625,0.25,0.3
798,1,0.0,1.0,1.0,0.016948672845506364,0.0,0.0,0.25,0.25,0.3
799,0,0.0,0.0,1.0,0.014110458666029575,0.0,0.0,0.25,0.25,0.4
800,0,0.0,1.0,1.0,0.04713766070721715,0.16666666666666666,0.125,0.25,0.25,0.3
801,0,0.5,0.0,1.0,0.025374310111545468,0.0,0.0,0.5,0.25,0.3
802,1,0.5,1.0,1.0,0.05123658772523604,0.16666666666666666,0.125,0.5,0.25,0.3
803,1,1.0,0.0,1.0,0.23422440102965045,0.3333333333333333,0.125,0.875,0.5,0.3
804,1,0.0,0.0,1.0,0.016623491302076868,0.16666666666666666,0.0,0.25,0.25,0.4
805,1,0.0,0.0,1.0,0.013614293309848433,0.0,0.0,0.25,0.25,0.3
806,0,0.0,0.0,1.0,0.015175789316712771,0.0,0.0,0.25,0.25,0.3
807,0,1.0,0.0,1.0,0.0,0.0,0.0,1.0,0.25,0.3
808,0,0.0,1.0,1.0,0.015175789316712771,0.0,0.0,0.25,0.25,0.3
809,0,0.5,0.0,1.0,0.025374310111545468,0.0,0.0,0.5,0.25,0.3
810,1,1.0,1.0,1.0,0.10364429745562033,0.0,0.125,0.5,0.25,0.3
811,0,0.0,0.0,1.0,0.015395374692678068,0.0,0.0,0.25,0.25,0.3
812,0,0.0,0.0,1.0,0.04713766070721715,0.0,0.0,0.25,0.25,0.3
813,0,0.5,0.0,1.0,0.020494635090094415,0.0,0.0,0.5,0.25,0.3
814,0,0.0,1.0,1.0,0.06104473451835265,0.3333333333333333,0.5,0.25,0.25,0.3
815,0,0.0,0.0,1.0,0.015712553569072387,0.0,0.0,0.25,0.25,0.3
816,0,1.0,0.0,0.0,0.0,0.0,0.0,0.875,0.25,0.3
817,0,0.0,1.0,1.0,0.015468569817999833,0.0,0.0,0.25,0.25,0.3
818,0,0.5,0.0,1.0,0.07222738817151159,0.16666666666666666,0.125,0.5,0.25,0.4
819,0,0.0,0.0,1.0,0.012589561555343713,0.0,0.0,0.25,0.25,0.3
820,0,0.0,0.0,1.0,0.05445717323939373,0.3333333333333333,0.375,0.25,0.25,0.3
821,1,1.0,1.0,1.0,0.18249984580226933,0.16666666666666666,0.125,0.875,0.25,0.3
822,1,0.0,0.0,1.0,0.016908073949327893,0.0,0.0,0.25,0.25,0.3
823,0,1.0,0.0,1.0,0.0,0.0,0.0,0.875,0.25,0.3
824,1,0.0,1.0,1.0,0.024349578357040744,0.16666666666666666,0.0,0.5,0.25,0.3
825,0,0.0,0.0,1.0,0.07746484096553544,0.16666666666666666,0.5,0.25,0.25,0.3
826,0,0.0,0.0,0.0,0.013565496559633922,0.0,0.0,0.25,0.25,1.0
827,0,0.0,0.0,0.0,0.11027245763075773,0.0,0.0,0.25,0.25,0.3
828,1,0.5,0.0,1.0,0.07222738817151159,0.3333333333333333,0.0,0.5,0.25,0.4
829,1,0.0,0.0,0.0,0.015126992566498259,0.0,0.0,0.25,0.25,1.0
830,1,1.0,1.0,1.0,0.15614960068643363,0.0,0.0,0.875,0.25,0.3
831,1,0.0,1.0,1.0,0.028212719478023115,0.0,0.125,0.25,0.25,0.4
832,1,0.5,0.0,1.0,0.03659756266088288,0.16666666666666666,0.125,0.5,0.25,0.3
833,0,0.0,0.0,0.0,0.014110458666029575,0.0,0.0,0.25,0.25,0.4
834,0,0.0,0.0,1.0,0.015330377421392339,0.0,0.0,0.25,0.25,0.3
835,0,0.0,0.0,1.0,0.016200521071217493,0.0,0.0,0.25,0.25,0.3
836,1,1.0,1.0,1.0,0.16231419173453318,0.16666666666666666,0.125,0.5,0.25,0.4
837,0,0.0,0.0,1.0,0.016908073949327893,0.0,0.0,0.25,0.25,0.3
838,0,0.0,0.0,0.0,0.015712553569072387,0.0,0.0,0.25,0.25,0.3
839,1,0.0,0.0,1.0,0.11027245763075773,0.0,0.0,0.25,0.25,0.3
840,1,1.0,0.0,0.0,0.057970539254838485,0.0,0.0,0.75,0.25,0.4
841,0,0.0,0.0,1.0,0.015468569817999833,0.0,0.0,0.25,0.25,0.3
842,0,0.5,0.0,1.0,0.020494635090094415,0.0,0.0,0.5,0.25,0.3
843,1,1.0,1.0,1.0,0.060507970265993034,0.0,0.0,0.875,0.25,0.4
844,0,0.0,0.0,1.0,0.012565163180236457,0.0,0.0,0.25,0.25,0.4
845,0,0.0,0.0,1.0,0.016908073949327893,0.0,0.0,0.25,0.25,0.3
846,0,0.0,0.0,1.0,0.014736618564782174,0.0,0.0,0.25,0.25,0.3
847,0,0.0,0.0,0.0,0.13575255909676823,0.3333333333333333,1.0,0.25,0.25,0.3
848,0,0.0,0.0,1.0,0.015411575213749284,0.0,0.0,0.25,0.25,0.4
849,0,0.5,0.0,1.0,0.06441171028315387,0.16666666666666666,0.0,0.5,0.25,0.3
850,1,1.0,1.0,0.0,0.17391981561855152,0.0,0.125,0.75,0.25,0.4
851,0,0.0,0.0,1.0,0.06104473451835265,0.3333333333333333,0.5,0.25,0.25,0.3
852,0,0.0,0.0,1.0,0.015175789316712771,0.0,0.0,0.25,0.25,0.3
853,0,0.0,1.0,1.0,0.029757819776815374,0.16666666666666666,0.125,0.25,0.25,0.4
854,1,1.0,1.0,1.0,0.07690367833806856,0.16666666666666666,0.0,0.625,0.25,0.3
855,0,0.5,1.0,1.0,0.050748620223090936,0.0,0.125,0.5,0.25,0.3
856,1,0.0,1.0,1.0,0.01824998458022693,0.16666666666666666,0.0,0.25,0.25,0.3
857,1,1.0,1.0,1.0,0.32179836714362564,0.16666666666666666,0.125,0.875,0.25,0.3
858,1,1.0,0.0,1.0,0.051822148727810165,0.0,0.0,0.5,0.25,0.3
859,1,0.0,1.0,1.0,0.03758969818624431,0.5,0.0,0.25,0.25,0.4
860,0,0.0,0.0,0.0,0.014110458666029575,0.0,0.0,0.25,0.25,0.4
861,0,0.0,0.0,1.0,0.027537567642055148,0.0,0.25,0.25,0.25,0.3
862,0,0.5,0.0,1.0,0.022446505098674834,0.0,0.125,0.5,0.25,0.3
863,1,1.0,1.0,1.0,0.050610427826483444,0.0,0.0,0.625,0.25,0.3
864,0,0.0,1.0,0.0,0.13575255909676823,0.3333333333333333,1.0,0.25,0.25,0.3
865,0,0.5,0.0,1.0,0.025374310111545468,0.0,0.0,0.5,0.25,0.3
866,1,0.5,1.0,1.0,0.025374310111545468,0.0,0.0,0.5,0.25,0.3
867,1,0.5,1.0,1.0,0.027049600139910042,0.0,0.125,0.5,0.25,0.4
868,0,1.0,0.0,1.0,0.09856123757927521,0.0,0.0,1.0,0.25,0.3
869,0,0.0,0.0,0.0,0.018542765081513996,0.0,0.0,0.25,0.25,0.3
870,1,0.0,0.0,1.0,0.021730754366528396,0.16666666666666666,0.125,0.25,0.25,0.3
871,0,0.0,0.0,1.0,0.015411575213749284,0.0,0.0,0.25,0.25,0.3
872,1,1.0,1.0,1.0,0.10257896680493714,0.16666666666666666,0.125,0.625,0.25,0.3
873,0,1.0,0.0,1.0,0.009759350042902102,0.0,0.0,0.875,0.75,0.3
874,0,0.0,0.0,1.0,0.017566830077223785,0.0,0.0,0.25,0.25,0.3
875,1,0.5,1.0,1.0,0.04684488020593009,0.0,0.125,0.5,0.25,0.4
876,1,0.0,1.0,1.0,0.014102260811993537,0.0,0.0,0.25,0.25,0.4
877,0,0.0,0.0,1.0,0.019217721730481106,0.0,0.0,0.25,0.25,0.3
878,0,0.0,0.0,1.0,0.015411575213749284,0.0,0.0,0.25,0.25,0.3
879,0,0.0,0.0,0.0,0.015411575213749284,0.0,0.0,0.25,0.25,0.3
880,1,1.0,1.0,1.0,0.16231419173453318,0.16666666666666666,0.0,0.75,0.25,0.4
881,1,0.5,1.0,1.0,0.050748620223090936,0.16666666666666666,0.0,0.5,0.25,0.3
882,0,0.0,0.0,1.0,0.015411575213749284,0.0,0.0,0.25,0.25,0.3
883,0,0.0,1.0,1.0,0.02052723131923771,0.0,0.0,0.25,0.25,0.3
884,0,0.5,0.0,1.0,0.020494635090094415,0.0,0.0,0.5,0.25,0.3
885,0,0.0,0.0,1.0,0.013760683560491965,0.0,0.0,0.25,0.25,0.3
886,0,0.0,1.0,1.0,0.056848213999904744,0.8333333333333334,0.0,0.25,0.25,1.0
887,0,0.5,0.0,1.0,0.025374310111545468,0.0,0.0,0.5,0.25,0.3
888,1,1.0,1.0,1.0,0.05855610025741261,0.0,0.0,0.875,0.25,0.3
889,0,0.0,1.0,0.0,0.04577135170121086,0.3333333333333333,0.125,0.25,0.25,0.3
890,1,1.0,0.0,1.0,0.05855610025741261,0.0,0.0,0.75,0.25,0.4
891,0,0.0,0.0,1.0,0.015126992566498259,0.0,0.0,0.25,0.25,1.0
